{
  "moyennes": {
    "sci": 10.2375,
    "sca": 53.7875,
    "revenu": 1903137.5,
    "depalim": 3699180.55,
    "taille_numeric": 19.75,
    "age_numeric": 53.58974358974359
  },
  "ecarts_types": {
    "sci": 10.732942015300253,
    "sca": 22.483717737312467,
    "revenu": 2660826.528787149,
    "depalim": 27958709.984592836
  },
  "n_observations": 80
}